userId,movieId,pred_rating_scaled,real_rating_scaled,pred_rating,real_rating
283,586,0.546,0.556,2.957,3.000
230,33679,0.481,0.889,2.666,4.500
270,9,0.309,0.556,1.889,3.000
414,175661,0.516,0.556,2.824,3.000
541,472,0.404,0.556,2.316,3.000
182,30749,0.716,0.778,3.722,4.000
113,1459,0.579,0.333,3.105,2.000
258,4995,0.806,1.000,4.129,5.000
219,457,0.793,0.889,4.070,4.500
316,1967,0.650,0.556,3.427,3.000
210,180031,0.920,0.778,4.642,4.000
489,2124,0.558,0.444,3.012,2.500
213,908,0.890,0.778,4.506,4.000
307,68952,0.520,0.889,2.838,4.500
356,3809,0.677,1.000,3.548,5.000
600,8636,0.742,0.556,3.839,3.000
300,4848,0.810,0.778,4.146,4.000
466,74458,0.924,0.889,4.659,4.500
340,454,0.851,0.556,4.331,3.000
471,68157,0.798,0.778,4.091,4.000
73,112290,0.864,0.667,4.386,3.500
422,2070,0.745,0.778,3.850,4.000
243,112,0.944,1.000,4.748,5.000
280,91077,0.880,0.889,4.460,4.500
457,2701,0.185,0.111,1.332,1.000
168,3730,0.932,0.889,4.695,4.500
335,380,0.738,0.889,3.821,4.500
158,53000,0.716,0.778,3.720,4.000
42,2724,0.726,0.556,3.768,3.000
282,4017,0.733,0.889,3.799,4.500
412,2406,0.737,0.556,3.815,3.000
530,592,0.564,0.778,3.040,4.000
543,72998,0.999,1.000,4.997,5.000
471,44191,0.795,0.667,4.076,3.500
80,1258,0.912,0.778,4.606,4.000
89,37444,0.804,0.778,4.119,4.000
296,33493,0.858,0.111,4.361,1.000
439,8961,0.828,0.778,4.228,4.000
304,105,0.751,0.556,3.879,3.000
105,120478,0.805,1.000,4.121,5.000
10,47099,0.747,0.556,3.863,3.000
111,54995,0.774,0.556,3.983,3.000
443,106918,0.844,1.000,4.298,5.000
194,7143,0.768,0.889,3.957,4.500
446,45,0.609,0.556,3.242,3.000
29,4223,0.649,0.778,3.419,4.000
94,2,0.711,0.778,3.698,4.000
35,590,0.880,1.000,4.458,5.000
60,6016,0.741,0.778,3.835,4.000
525,120807,0.669,0.778,3.509,4.000
114,5349,0.625,0.778,3.311,4.000
139,8640,0.175,0.111,1.288,1.000
426,597,0.692,0.889,3.615,4.500
215,6155,0.565,1.000,3.044,5.000
407,59315,0.772,1.000,3.974,5.000
520,3529,0.753,0.778,3.888,4.000
421,2324,0.916,1.000,4.622,5.000
476,45,0.628,0.556,3.328,3.000
67,2012,0.677,0.667,3.545,3.500
217,459,0.438,0.333,2.470,2.000
523,4995,0.981,1.000,4.914,5.000
287,29,0.778,0.889,4.000,4.500
300,81591,0.730,1.000,3.787,5.000
195,4641,0.670,0.556,3.516,3.000
217,315,0.492,0.333,2.714,2.000
509,106696,0.612,0.889,3.255,4.500
470,6,0.812,0.556,4.155,3.000
487,86377,0.834,0.000,4.253,0.500
90,1442,0.785,0.333,4.032,2.000
495,5957,0.649,0.778,3.423,4.000
498,104,0.707,1.000,3.683,5.000
604,616,0.638,0.556,3.373,3.000
334,3910,0.642,0.222,3.391,1.500
253,55069,0.817,0.778,4.177,4.000
118,1625,0.685,0.778,3.582,4.000
453,5816,0.829,0.778,4.232,4.000
119,168252,0.886,0.889,4.485,4.500
346,357,0.693,0.889,3.617,4.500
477,72224,0.812,0.667,4.153,3.500
209,1291,0.881,1.000,4.463,5.000
161,3429,0.823,1.000,4.204,5.000
143,7316,0.515,0.556,2.817,3.000
386,20,0.424,0.333,2.408,2.000
91,2058,0.568,0.556,3.058,3.000
92,54190,0.811,0.778,4.150,4.000
48,1193,0.919,0.556,4.637,3.000
314,260,0.686,1.000,3.587,5.000
241,47,0.739,0.778,3.825,4.000
22,54503,0.471,0.667,2.620,3.500
203,54286,0.713,1.000,3.707,5.000
173,141,0.687,0.778,3.589,4.000
254,5319,0.715,0.889,3.716,4.500
285,1285,0.720,0.444,3.742,2.500
105,120625,0.790,0.889,4.057,4.500
383,1299,0.915,0.778,4.616,4.000
361,7022,0.717,0.333,3.728,2.000
100,4623,0.794,0.667,4.072,3.500
440,1653,0.798,0.778,4.091,4.000
460,356,0.906,0.889,4.575,4.500
220,71264,0.824,0.333,4.208,2.000
287,2908,0.754,0.778,3.892,4.000
73,62434,0.755,0.778,3.898,4.000
589,586,0.703,0.556,3.663,3.000
581,7147,0.869,0.667,4.409,3.500
107,317,0.779,0.778,4.006,4.000
247,1380,0.654,0.111,3.444,1.000
413,53993,0.995,0.000,4.975,0.500
101,358,0.534,0.333,2.904,2.000
398,910,0.957,1.000,4.805,5.000
134,163,0.665,0.556,3.494,3.000
516,4429,0.798,1.000,4.092,5.000
546,1977,0.556,0.778,3.000,4.000
602,417,0.647,0.333,3.413,2.000
586,2916,0.899,0.778,4.546,4.000
43,1356,0.998,1.000,4.993,5.000
434,5299,0.690,0.444,3.604,2.500
521,837,0.669,0.778,3.510,4.000
36,908,0.661,0.667,3.476,3.500
387,348,0.761,0.444,3.924,2.500
400,1221,0.909,0.889,4.590,4.500
42,1513,0.484,0.556,2.679,3.000
524,762,0.430,0.333,2.434,2.000
558,1923,0.839,0.778,4.273,4.000
284,637,0.549,0.778,2.971,4.000
459,99114,0.909,1.000,4.592,5.000
373,305,0.475,1.000,2.640,5.000
454,904,0.763,1.000,3.933,5.000
245,3274,0.253,0.333,1.637,2.000
462,179813,0.682,0.778,3.570,4.000
485,110,0.886,0.556,4.487,3.000
449,1090,0.681,0.667,3.567,3.500
28,43928,0.288,0.556,1.797,3.000
233,78103,0.623,0.444,3.304,2.500
372,318,0.897,1.000,4.537,5.000
391,5026,0.878,0.556,4.453,3.000
235,348,0.795,0.778,4.078,4.000
136,491,0.653,1.000,3.439,5.000
96,1587,0.899,0.333,4.544,2.000
19,1892,0.474,0.333,2.633,2.000
91,2146,0.613,0.444,3.258,2.500
571,1322,0.341,0.333,2.036,2.000
346,1240,0.790,0.444,4.056,2.500
286,2995,0.540,0.667,2.929,3.500
334,4878,0.725,0.667,3.763,3.500
99,316,0.784,0.333,4.028,2.000
212,3869,0.735,0.778,3.809,4.000
301,56788,0.807,0.778,4.133,4.000
88,1884,0.865,1.000,4.392,5.000
531,733,0.822,0.778,4.198,4.000
122,80463,0.975,1.000,4.886,5.000
244,145,0.693,0.556,3.619,3.000
590,54001,0.779,0.778,4.006,4.000
144,552,0.605,0.778,3.224,4.000
151,1265,0.911,1.000,4.600,5.000
211,1136,0.842,0.778,4.287,4.000
441,8917,0.942,1.000,4.739,5.000
593,26084,0.450,0.667,2.525,3.500
193,858,0.834,0.889,4.254,4.500
371,1884,0.950,0.889,4.773,4.500
204,2710,0.577,1.000,3.097,5.000
283,788,0.509,0.778,2.790,4.000
486,293,0.937,1.000,4.717,5.000
300,8950,0.820,0.556,4.190,3.000
587,1544,0.587,1.000,3.142,5.000
550,122882,0.761,0.778,3.923,4.000
545,58293,0.651,0.556,3.432,3.000
451,457,0.787,0.778,4.043,4.000
595,501,0.750,0.778,3.875,4.000
429,60,0.801,0.778,4.104,4.000
478,33164,0.329,0.000,1.979,0.500
488,1278,0.887,0.444,4.493,2.500
419,85394,0.855,0.556,4.346,3.000
93,110,0.928,1.000,4.677,5.000
435,4011,0.926,1.000,4.666,5.000
236,2490,0.741,1.000,3.834,5.000
604,442,0.612,0.778,3.252,4.000
391,1201,0.957,0.778,4.806,4.000
476,378,0.754,0.556,3.892,3.000
65,47610,0.851,0.667,4.328,3.500
168,3788,0.798,0.778,4.093,4.000
597,1198,0.957,1.000,4.807,5.000
575,1259,0.787,1.000,4.041,5.000
440,1214,0.797,0.889,4.087,4.500
559,1580,0.583,1.000,3.123,5.000
481,986,0.639,0.556,3.374,3.000
2,122882,0.707,1.000,3.683,5.000
317,97,0.764,0.556,3.939,3.000
283,104,0.556,0.778,3.000,4.000
311,5944,0.340,0.444,2.032,2.500
164,1580,0.770,1.000,3.967,5.000
55,27831,0.548,1.000,2.965,5.000
462,189713,0.611,0.444,3.249,2.500
401,42734,0.728,0.222,3.778,1.500
397,1230,0.814,1.000,4.163,5.000
183,3256,0.782,0.556,4.021,3.000
313,2728,0.642,0.556,3.387,3.000
312,5881,0.636,0.778,3.363,4.000
121,163,0.563,0.778,3.035,4.000
336,37729,0.869,0.444,4.410,2.500
432,80219,0.656,0.556,3.453,3.000
145,111,0.804,0.778,4.119,4.000
298,1107,0.469,0.000,2.612,0.500
544,116,0.867,1.000,4.402,5.000
437,1042,0.698,0.556,3.640,3.000
47,5991,0.656,0.333,3.452,2.000
303,3702,0.707,1.000,3.682,5.000
475,2353,0.859,0.889,4.366,4.500
317,133115,0.550,0.778,2.976,4.000
506,7444,0.473,0.556,2.629,3.000
378,4226,0.859,0.667,4.366,3.500
369,1288,0.775,0.667,3.988,3.500
130,225,0.573,1.000,3.077,5.000
285,1968,0.699,1.000,3.644,5.000
272,148626,0.726,0.889,3.769,4.500
513,6787,0.789,0.889,4.050,4.500
67,2011,0.861,0.778,4.376,4.000
531,2640,0.775,0.556,3.989,3.000
435,7361,0.920,0.778,4.638,4.000
563,81591,0.736,0.778,3.810,4.000
339,174055,0.791,1.000,4.060,5.000
455,551,0.703,0.556,3.662,3.000
66,181,0.587,0.333,3.140,2.000
516,1958,0.726,0.556,3.765,3.000
17,1228,0.788,0.889,4.044,4.500
546,1986,0.614,0.111,3.262,1.000
32,224,0.730,0.778,3.784,4.000
132,1968,0.592,0.778,3.163,4.000
62,49530,0.772,0.889,3.976,4.500
124,1884,0.845,0.889,4.302,4.500
558,4062,0.738,0.778,3.820,4.000
49,79132,0.836,0.889,4.262,4.500
288,72998,0.582,0.778,3.120,4.000
536,516,0.644,1.000,3.400,5.000
215,5650,0.652,0.444,3.434,2.500
539,59784,0.828,0.889,4.227,4.500
45,53125,0.823,0.778,4.202,4.000
85,1519,0.838,0.111,4.271,1.000
212,188751,0.569,0.889,3.060,4.500
322,1203,0.684,0.778,3.577,4.000
221,26375,0.795,0.778,4.077,4.000
342,2987,0.561,0.556,3.023,3.000
464,1552,0.640,0.778,3.381,4.000
84,248,0.611,0.333,3.251,2.000
37,661,0.860,0.556,4.371,3.000
269,1047,0.701,0.556,3.657,3.000
394,553,0.541,0.778,2.934,4.000
410,3,0.605,0.778,3.221,4.000
2,80489,0.684,0.889,3.576,4.500
510,1259,0.724,0.667,3.760,3.500
141,139385,0.660,0.778,3.469,4.000
260,2395,0.691,1.000,3.609,5.000
186,380,0.839,0.778,4.276,4.000
332,2420,0.687,0.778,3.591,4.000
329,1219,0.929,0.333,4.679,2.000
53,381,0.989,1.000,4.952,5.000
467,780,0.743,0.333,3.843,2.000
415,2539,0.568,0.778,3.056,4.000
546,1976,0.569,0.778,3.062,4.000
567,48982,0.295,0.444,1.828,2.500
99,204,0.771,0.111,3.968,1.000
111,6365,0.579,0.111,3.107,1.000
190,81834,0.742,1.000,3.839,5.000
441,122886,0.958,0.889,4.813,4.500
22,4306,0.496,0.556,2.731,3.000
494,589,0.889,1.000,4.502,5.000
362,4262,0.817,0.889,4.176,4.500
166,6,0.804,0.667,4.117,3.500
81,47,0.568,0.556,3.057,3.000
187,49263,0.690,0.556,3.604,3.000
127,68954,0.798,0.000,4.090,0.500
561,7445,0.582,0.556,3.121,3.000
179,735,0.865,0.556,4.392,3.000
367,4053,0.773,0.556,3.978,3.000
18,180095,0.876,0.556,4.443,3.000
406,44840,0.641,0.667,3.384,3.500
181,1073,0.666,0.556,3.498,3.000
437,1120,0.766,0.778,3.948,4.000
467,1408,0.826,0.556,4.215,3.000
97,377,0.867,0.778,4.400,4.000
280,94959,0.842,1.000,4.291,5.000
160,1107,0.623,0.667,3.306,3.500
522,1200,0.811,0.889,4.150,4.500
339,176371,0.878,0.889,4.450,4.500
408,166528,0.946,0.778,4.757,4.000
135,1199,0.820,1.000,4.190,5.000
49,139385,0.844,0.889,4.296,4.500
11,1923,0.874,0.778,4.435,4.000
410,3618,0.674,1.000,3.534,5.000
366,122882,0.761,0.333,3.924,2.000
417,97938,0.892,0.667,4.513,3.500
286,4980,0.574,0.556,3.084,3.000
272,158238,0.776,0.778,3.992,4.000
355,915,0.781,0.778,4.016,4.000
22,5464,0.551,0.333,2.982,2.000
196,104,0.797,0.667,4.087,3.500
34,3489,0.642,0.556,3.388,3.000
424,111,0.729,0.778,3.779,4.000
7,49286,0.633,0.000,3.347,0.500
350,836,0.519,0.556,2.837,3.000
381,63082,0.800,0.889,4.100,4.500
358,33679,0.625,0.333,3.315,2.000
167,720,0.813,0.778,4.160,4.000
87,1136,0.895,1.000,4.528,5.000
40,121,0.864,0.778,4.390,4.000
517,5299,0.282,0.333,1.769,2.000
600,6874,0.719,0.889,3.734,4.500
504,5445,0.774,0.667,3.985,3.500
67,99114,0.792,0.778,4.062,4.000
507,266,0.493,0.556,2.718,3.000
163,1625,0.678,0.778,3.550,4.000
514,162,0.780,0.778,4.008,4.000
470,613,0.610,0.556,3.244,3.000
599,66171,0.325,0.444,1.961,2.500
438,40819,0.769,0.667,3.958,3.500
294,2373,0.341,0.556,2.035,3.000
544,40,0.970,1.000,4.863,5.000
557,1291,0.875,0.778,4.436,4.000
538,8368,0.919,0.889,4.635,4.500
199,3160,0.794,0.778,4.073,4.000
384,3471,0.644,1.000,3.399,5.000
135,2321,0.750,0.333,3.873,2.000
475,1374,0.926,0.889,4.668,4.500
1,2012,0.770,0.778,3.965,4.000
124,50872,0.817,0.889,4.175,4.500
288,68358,0.741,0.667,3.836,3.500
542,30825,0.676,0.778,3.541,4.000
403,7361,0.855,0.889,4.348,4.500
359,3499,0.734,0.667,3.804,3.500
30,60069,0.981,1.000,4.914,5.000
202,2761,0.791,1.000,4.059,5.000
377,2384,0.675,0.889,3.538,4.500
177,112175,0.588,0.889,3.144,4.500
224,3948,0.973,1.000,4.879,5.000
16,1704,0.798,0.667,4.089,3.500
19,2267,0.527,0.333,2.871,2.000
69,2762,0.936,1.000,4.714,5.000
119,7458,0.818,0.889,4.182,4.500
120,858,0.883,1.000,4.476,5.000
188,913,0.914,1.000,4.614,5.000
160,4866,0.201,0.333,1.405,2.000
380,2660,0.767,0.667,3.954,3.500
98,3499,0.817,0.889,4.178,4.500
126,34,0.710,0.556,3.697,3.000
415,2617,0.773,0.444,3.977,2.500
231,58559,0.868,1.000,4.407,5.000
371,741,0.956,1.000,4.801,5.000
602,494,0.571,0.778,3.069,4.000
335,1196,0.898,1.000,4.539,5.000
362,104879,0.910,0.778,4.596,4.000
79,1127,0.874,1.000,4.431,5.000
260,2859,0.534,0.889,2.902,4.500
269,1367,0.558,0.778,3.010,4.000
59,2726,0.969,1.000,4.860,5.000
258,66097,0.892,0.889,4.512,4.500
598,1197,0.966,0.444,4.848,2.500
217,2525,0.476,0.556,2.640,3.000
152,77455,0.737,0.778,3.817,4.000
137,924,0.803,0.778,4.113,4.000
554,718,0.874,1.000,4.432,5.000
306,136016,0.575,0.889,3.087,4.500
323,108190,0.460,0.444,2.571,2.500
507,377,0.622,1.000,3.298,5.000
523,58559,0.995,1.000,4.978,5.000
578,76251,0.871,0.889,4.420,4.500
527,1258,0.914,1.000,4.614,5.000
444,586,0.587,0.556,3.143,3.000
420,1132,0.767,0.778,3.950,4.000
96,434,0.460,0.778,2.572,4.000
338,190207,0.715,0.222,3.719,1.500
422,2670,0.789,0.556,4.051,3.000
8,141,0.679,0.556,3.555,3.000
424,115713,0.812,0.889,4.156,4.500
442,3752,0.186,0.333,1.337,2.000
348,590,0.931,0.778,4.692,4.000
325,3087,0.678,0.556,3.550,3.000
333,3616,0.451,0.778,2.528,4.000
171,176,0.991,1.000,4.959,5.000
264,367,0.572,0.778,3.073,4.000
552,2082,0.478,0.333,2.650,2.000
156,6957,0.724,0.778,3.759,4.000
569,185,0.705,0.778,3.675,4.000
32,246,0.890,0.778,4.504,4.000
21,60397,0.567,0.667,3.050,3.500
592,434,0.638,0.556,3.371,3.000
332,3247,0.587,0.556,3.143,3.000
392,3298,0.559,0.778,3.014,4.000
104,95449,0.730,0.444,3.785,2.500
265,3831,0.677,0.778,3.547,4.000
309,4432,0.735,0.778,3.808,4.000
370,44191,0.744,0.778,3.850,4.000
266,1617,0.890,0.778,4.506,4.000
159,69757,0.639,1.000,3.376,5.000
192,356,0.938,1.000,4.720,5.000
110,8014,0.706,0.778,3.679,4.000
219,39183,0.706,0.444,3.675,2.500
468,111,0.811,0.556,4.151,3.000
296,2628,0.756,0.111,3.902,1.000
263,8638,0.760,0.889,3.918,4.500
385,750,0.850,1.000,4.325,5.000
104,76093,0.765,0.778,3.943,4.000
591,3893,0.671,0.556,3.519,3.000
161,3751,0.626,1.000,3.318,5.000
531,3699,0.665,0.556,3.491,3.000
427,2329,0.873,0.778,4.427,4.000
36,3347,0.752,0.889,3.885,4.500
75,1240,0.684,0.778,3.577,4.000
417,1089,0.971,0.667,4.872,3.500
305,148671,0.780,1.000,4.010,5.000
439,5952,0.908,0.778,4.585,4.000
386,198,0.488,0.333,2.695,2.000
175,8911,0.708,1.000,3.687,5.000
112,99114,0.856,0.778,4.351,4.000
404,368,0.681,0.556,3.565,3.000
273,442,0.884,0.556,4.476,3.000
267,4011,0.951,1.000,4.781,5.000
574,110,0.797,1.000,4.085,5.000
17,5971,0.800,0.778,4.101,4.000
55,4011,0.705,1.000,3.672,5.000
306,69644,0.537,0.556,2.916,3.000
396,3114,0.616,0.778,3.272,4.000
23,2194,0.697,0.556,3.635,3.000
491,4025,0.804,0.778,4.117,4.000
298,8814,0.190,0.000,1.355,0.500
588,22,0.549,0.556,2.972,3.000
198,2985,0.637,0.333,3.365,2.000
102,802,0.571,0.556,3.068,3.000
157,2724,0.576,0.333,3.092,2.000
319,137857,0.846,0.667,4.307,3.500
30,115617,0.983,1.000,4.925,5.000
147,315,0.616,0.333,3.271,2.000
249,159755,0.565,0.778,3.045,4.000
112,70286,0.797,0.667,4.087,3.500
446,733,0.712,0.556,3.706,3.000
308,1028,0.595,0.778,3.178,4.000
236,2580,0.868,1.000,4.407,5.000
318,159976,0.769,0.889,3.959,4.500
377,30812,0.900,0.778,4.549,4.000
18,6787,0.763,0.778,3.934,4.000
52,50794,0.774,0.889,3.984,4.500
155,1200,0.794,0.778,4.073,4.000
53,249,0.998,1.000,4.992,5.000
395,1032,0.558,0.111,3.013,1.000
31,1393,0.865,0.556,4.391,3.000
393,31696,0.899,1.000,4.544,5.000
418,527,0.912,0.889,4.602,4.500
607,4069,0.430,0.556,2.433,3.000
11,368,0.806,0.556,4.128,3.000
553,44665,0.899,0.778,4.544,4.000
270,628,0.568,0.556,3.058,3.000
87,4973,0.916,1.000,4.621,5.000
515,50,0.996,0.889,4.983,4.500
282,39183,0.915,0.889,4.619,4.500
57,520,0.541,0.556,2.936,3.000
432,4976,0.866,0.667,4.399,3.500
541,453,0.663,0.333,3.485,2.000
431,172,0.429,0.333,2.429,2.000
390,8622,0.686,0.889,3.589,4.500
13,3717,0.687,0.556,3.593,3.000
72,648,0.742,0.778,3.840,4.000
374,1215,0.692,1.000,3.614,5.000
284,275,0.706,0.556,3.679,3.000
191,47,0.879,0.778,4.456,4.000
399,3114,0.782,0.778,4.017,4.000
384,1036,0.717,0.778,3.725,4.000
157,3617,0.628,0.556,3.327,3.000
65,58559,0.900,0.889,4.549,4.500
474,1423,0.475,0.778,2.636,4.000
184,193587,0.574,0.667,3.085,3.500
220,60684,0.890,0.444,4.505,2.500
342,2701,0.450,0.333,2.524,2.000
585,3362,0.856,0.778,4.350,4.000
582,122886,0.695,0.889,3.627,4.500
592,368,0.867,0.556,4.400,3.000
582,59315,0.755,0.889,3.897,4.500
349,381,0.612,0.556,3.256,3.000
482,27706,0.680,0.333,3.562,2.000
38,376,0.523,0.778,2.854,4.000
395,1022,0.548,0.556,2.966,3.000
146,2124,0.712,0.667,3.706,3.500
505,48780,0.931,0.667,4.690,3.500
189,76093,0.736,0.778,3.814,4.000
203,8665,0.697,1.000,3.637,5.000
46,236,0.878,0.778,4.452,4.000
378,71535,0.734,0.333,3.804,2.000
484,318,0.886,1.000,4.487,5.000
123,81782,0.664,0.778,3.487,4.000
114,6377,0.738,0.556,3.823,3.000
479,1371,0.567,0.333,3.053,2.000
292,164909,0.729,0.444,3.779,2.500
196,47099,0.869,0.778,4.410,4.000
274,86911,0.567,0.778,3.053,4.000
357,1381,0.358,0.444,2.110,2.500
43,1105,0.999,1.000,4.996,5.000
33,2080,0.641,0.778,3.383,4.000
335,50,0.895,1.000,4.527,5.000
538,69844,0.958,0.778,4.809,4.000
76,1367,0.352,0.111,2.085,1.000
330,3535,0.886,0.667,4.486,3.500
134,442,0.606,0.778,3.228,4.000
271,55765,0.579,0.778,3.105,4.000
8,186,0.551,0.778,2.980,4.000
503,87413,0.475,0.556,2.638,3.000
302,1221,0.891,1.000,4.509,5.000
149,1882,0.364,0.111,2.138,1.000
237,1586,0.553,0.556,2.988,3.000
529,711,0.546,0.556,2.956,3.000
64,2826,0.590,0.667,3.157,3.500
305,56782,0.866,0.889,4.396,4.500
500,2081,0.785,0.556,4.033,3.000
520,4799,0.707,0.556,3.682,3.000
289,6327,0.536,0.667,2.912,3.500
240,1367,0.648,0.556,3.414,3.000
101,2600,0.828,0.778,4.227,4.000
191,50,0.924,1.000,4.660,5.000
167,745,0.686,1.000,3.585,5.000
28,172,0.460,0.556,2.568,3.000
302,1198,0.899,1.000,4.548,5.000
38,222,0.618,0.556,3.282,3.000
166,6378,0.799,0.667,4.097,3.500
608,52245,0.600,0.556,3.201,3.000
374,1339,0.630,0.556,3.335,3.000
332,91974,0.628,0.667,3.326,3.500
216,4020,0.587,0.556,3.144,3.000
316,1892,0.556,0.556,3.003,3.000
230,52973,0.540,0.556,2.929,3.000
16,1222,0.786,0.889,4.038,4.500
609,833,0.521,0.556,2.844,3.000
169,8783,0.884,0.889,4.477,4.500
387,26124,0.510,0.333,2.797,2.000
498,62,0.821,1.000,4.195,5.000
496,114713,0.531,0.444,2.890,2.500
59,2352,0.942,1.000,4.741,5.000
154,71264,0.968,1.000,4.858,5.000
316,1748,0.699,0.667,3.645,3.500
534,7569,0.730,0.778,3.783,4.000
4,4896,0.756,0.778,3.902,4.000
601,47,0.904,0.778,4.567,4.000
222,508,0.529,0.667,2.880,3.500
303,3471,0.716,0.778,3.721,4.000
590,69844,0.754,0.778,3.894,4.000
539,6753,0.789,0.889,4.049,4.500
200,1020,0.745,1.000,3.851,5.000
399,6333,0.785,1.000,4.033,5.000
403,296,0.905,1.000,4.572,5.000
360,1646,0.773,0.111,3.978,1.000
232,81512,0.545,0.778,2.952,4.000
565,474,0.747,0.778,3.862,4.000
204,91658,0.788,1.000,4.048,5.000
237,1203,0.684,0.778,3.580,4.000
255,3552,0.599,1.000,3.196,5.000
317,91535,0.540,0.556,2.931,3.000
9,5891,0.529,0.111,2.881,1.000
376,5010,0.813,1.000,4.159,5.000
48,5882,0.770,0.778,3.964,4.000
178,2959,0.927,0.889,4.671,4.500
227,97913,0.750,0.778,3.876,4.000
580,6502,0.792,0.889,4.065,4.500
282,52973,0.842,0.778,4.288,4.000
577,2411,0.556,0.556,3.000,3.000
390,6377,0.819,1.000,4.186,5.000
605,8666,0.234,0.333,1.555,2.000
383,1234,0.904,0.556,4.566,3.000
342,3597,0.555,0.556,2.996,3.000
164,2916,0.871,0.556,4.420,3.000
140,53972,0.670,0.556,3.514,3.000
321,276,0.569,0.556,3.059,3.000
145,50,0.806,1.000,4.126,5.000
574,47,0.815,1.000,4.168,5.000
76,673,0.164,0.000,1.240,0.500
66,51255,0.917,0.778,4.625,4.000
267,4033,0.906,0.778,4.579,4.000
512,337,0.801,0.556,4.106,3.000
595,1912,0.859,1.000,4.365,5.000
131,68237,0.678,0.556,3.551,3.000
172,1580,0.604,0.667,3.219,3.500
117,747,0.636,0.556,3.364,3.000
26,34,0.701,0.556,3.653,3.000
112,91529,0.863,1.000,4.382,5.000
562,1097,0.838,0.667,4.271,3.500
485,356,0.950,1.000,4.773,5.000
465,2067,0.901,1.000,4.556,5.000
473,2596,0.683,0.778,3.573,4.000
62,46976,0.873,0.778,4.427,4.000
583,2059,0.584,0.444,3.129,2.500
572,2724,0.672,0.778,3.524,4.000
456,706,0.830,0.556,4.234,3.000
344,91542,0.813,0.778,4.157,4.000
242,454,0.604,0.556,3.219,3.000
159,2671,0.611,0.556,3.249,3.000
315,2015,0.590,0.556,3.155,3.000
338,190209,0.221,0.778,1.492,4.000
427,2076,0.771,0.778,3.969,4.000
171,1104,0.997,1.000,4.988,5.000
473,7147,0.644,0.778,3.399,4.000
503,94015,0.570,0.000,3.065,0.500
86,4901,0.751,0.778,3.880,4.000
104,47997,0.750,0.778,3.873,4.000
120,1367,0.556,0.778,3.000,4.000
610,328,0.659,0.667,3.467,3.500
368,1389,0.257,0.111,1.654,1.000
184,189333,0.684,0.778,3.577,4.000
599,6734,0.302,0.333,1.858,2.000
195,908,0.838,1.000,4.271,5.000
109,347,0.535,0.556,2.909,3.000
522,97304,0.831,0.444,4.239,2.500
565,32,0.837,1.000,4.269,5.000
303,32,0.733,0.667,3.799,3.500
397,750,0.932,0.778,4.694,4.000
392,2770,0.556,0.556,3.003,3.000
555,1336,0.684,0.111,3.576,1.000
95,4878,0.897,0.778,4.535,4.000
510,2762,0.750,0.444,3.874,2.500
536,419,0.417,0.556,2.377,3.000
207,100,0.387,0.556,2.242,3.000
127,55276,0.774,1.000,3.984,5.000
564,96110,0.591,0.889,3.159,4.500
123,69306,0.488,0.778,2.695,4.000
211,2959,0.852,1.000,4.335,5.000
109,733,0.557,0.556,3.007,3.000
330,4902,0.734,0.778,3.805,4.000
308,4963,0.441,0.111,2.484,1.000
360,1626,0.376,0.333,2.193,2.000
90,984,0.532,1.000,2.895,5.000
438,48385,0.681,0.556,3.563,3.000
312,5872,0.539,0.333,2.926,2.000
441,87529,0.861,1.000,4.375,5.000
451,474,0.833,0.556,4.248,3.000
471,6539,0.648,0.667,3.415,3.500
354,7451,0.716,0.667,3.724,3.500
504,5669,0.819,0.667,4.186,3.500
530,474,0.822,0.778,4.201,4.000
459,74458,0.901,0.889,4.557,4.500
474,55253,0.608,0.667,3.236,3.500
360,1603,0.540,0.111,2.930,1.000
107,111,0.921,0.778,4.643,4.000
562,2003,0.806,0.889,4.127,4.500
238,4917,0.855,0.778,4.347,4.000
608,51662,0.754,1.000,3.895,5.000
456,1167,0.839,0.778,4.275,4.000
540,2329,0.902,1.000,4.558,5.000
78,27904,0.751,0.000,3.880,0.500
60,1203,0.801,0.556,4.107,3.000
190,69844,0.734,1.000,3.801,5.000
363,832,0.575,0.444,3.088,2.500
281,3911,0.717,0.667,3.727,3.500
177,95654,0.809,0.667,4.139,3.500
485,300,0.883,0.556,4.473,3.000
176,368,0.844,0.778,4.300,4.000
551,5349,0.736,0.333,3.812,2.000
278,54272,0.632,1.000,3.346,5.000
554,170,0.679,1.000,3.553,5.000
364,9,0.768,0.556,3.955,3.000
403,58998,0.717,0.778,3.727,4.000
175,7169,0.719,1.000,3.735,5.000
496,111362,0.710,0.667,3.696,3.500
84,406,0.761,0.556,3.926,3.000
423,589,0.794,1.000,4.074,5.000
257,1380,0.654,0.778,3.444,4.000
492,725,0.677,0.556,3.547,3.000
248,171011,0.849,0.667,4.318,3.500
513,110,0.730,0.778,3.783,4.000
75,1196,0.839,0.889,4.275,4.500
430,5445,0.845,1.000,4.302,5.000
23,2726,0.718,0.778,3.733,4.000
63,89904,0.821,1.000,4.192,5.000
378,8961,0.802,0.778,4.109,4.000
309,2186,0.826,0.778,4.216,4.000
383,903,0.906,0.778,4.579,4.000
569,10,0.754,0.778,3.892,4.000
247,3114,0.688,0.889,3.596,4.500
79,1580,0.726,0.778,3.767,4.000
327,104,0.772,1.000,3.975,5.000
97,5420,0.804,0.556,4.119,3.000
40,685,0.722,1.000,3.748,5.000
600,7438,0.711,0.889,3.700,4.500
345,3801,0.849,0.778,4.319,4.000
214,83,0.522,0.556,2.849,3.000
394,50,0.720,1.000,3.739,5.000
235,780,0.744,1.000,3.848,5.000
372,377,0.675,1.000,3.537,5.000
37,1061,0.902,1.000,4.560,5.000
110,111,0.758,0.778,3.913,4.000
412,858,0.907,1.000,4.583,5.000
74,58103,0.763,0.778,3.933,4.000
123,4776,0.707,0.778,3.682,4.000
193,86347,0.703,0.000,3.662,0.500
537,86911,0.811,0.667,4.150,3.500
101,1719,0.874,1.000,4.432,5.000
206,838,0.830,1.000,4.234,5.000
222,68554,0.481,0.556,2.666,3.000
442,1231,0.284,0.111,1.777,1.000
258,5989,0.847,1.000,4.311,5.000
411,489,0.562,0.556,3.031,3.000
14,524,0.650,0.556,3.426,3.000
13,3863,0.614,0.778,3.261,4.000
280,86882,0.856,1.000,4.352,5.000
56,786,0.603,0.778,3.215,4.000
469,1333,0.631,1.000,3.338,5.000
606,98243,0.787,0.556,4.041,3.000
250,2085,0.800,0.778,4.100,4.000
24,5943,0.585,0.333,3.135,2.000
381,31435,0.693,0.889,3.616,4.500
148,116797,0.819,0.889,4.186,4.500
48,8371,0.832,0.778,4.242,4.000
343,4878,0.876,0.889,4.441,4.500
152,64716,0.852,0.778,4.335,4.000
266,493,0.679,0.556,3.556,3.000
108,5011,0.705,0.778,3.673,4.000
412,1221,0.802,1.000,4.107,5.000
78,4085,0.643,0.556,3.394,3.000
153,172547,0.194,0.000,1.375,0.500
501,661,0.548,0.111,2.966,1.000
176,47,0.863,1.000,4.382,5.000
396,50,0.840,0.778,4.282,4.000
533,54995,0.927,1.000,4.673,5.000
179,52,0.824,0.778,4.208,4.000
598,593,0.977,0.000,4.898,0.500
292,56775,0.582,0.778,3.119,4.000
372,1270,0.731,1.000,3.790,5.000
326,116897,0.837,0.778,4.265,4.000
577,2950,0.523,0.778,2.852,4.000
522,1214,0.762,1.000,3.929,5.000
199,969,0.716,0.778,3.723,4.000
208,380,0.569,0.333,3.060,2.000
175,56949,0.572,0.778,3.075,4.000
273,509,0.746,1.000,3.855,5.000
379,527,0.847,0.556,4.310,3.000
162,4,0.640,0.556,3.379,3.000
20,2135,0.866,1.000,4.395,5.000
468,47,0.803,1.000,4.116,5.000
79,6,0.961,0.778,4.823,4.000
130,317,0.582,0.556,3.120,3.000
105,136447,0.693,1.000,3.620,5.000
223,48394,0.691,1.000,3.609,5.000
80,83134,0.886,0.556,4.487,3.000
133,471,0.564,0.778,3.039,4.000
458,2,0.900,0.778,4.552,4.000
292,165549,0.803,0.222,4.112,1.500
431,802,0.589,0.222,3.152,1.500
541,445,0.576,0.556,3.093,3.000
319,136864,0.576,0.889,3.092,4.500
20,1088,0.737,0.889,3.816,4.500
495,73290,0.688,1.000,3.594,5.000
162,534,0.868,1.000,4.407,5.000
13,3300,0.818,0.778,4.182,4.000
565,509,0.628,0.778,3.325,4.000
33,914,0.833,1.000,4.250,5.000
230,1608,0.513,0.444,2.810,2.500
6,780,0.729,1.000,3.783,5.000
185,1685,0.711,0.556,3.697,3.000
419,90943,0.803,1.000,4.116,5.000
68,91094,0.547,0.556,2.963,3.000
180,1198,0.734,0.778,3.803,4.000
239,7254,0.883,0.667,4.473,3.500
83,1036,0.744,0.444,3.849,2.500
315,2554,0.555,0.333,2.997,2.000
503,93831,0.566,0.222,3.046,1.500
392,2694,0.377,0.778,2.196,4.000
450,1997,0.830,0.778,4.234,4.000
213,858,0.942,0.778,4.739,4.000
96,193,0.315,0.111,1.920,1.000
517,83270,0.438,0.333,2.470,2.000
607,4015,0.567,0.111,3.050,1.000
257,784,0.508,0.667,2.784,3.500
118,1343,0.735,0.778,3.805,4.000
70,1303,0.863,0.889,4.383,4.500
80,593,0.917,1.000,4.628,5.000
548,80862,0.705,0.667,3.671,3.500
486,198,0.800,0.333,4.102,2.000
506,27,0.424,0.556,2.410,3.000
571,1325,0.427,0.333,2.423,2.000
579,17,0.955,1.000,4.795,5.000
4,4741,0.843,0.556,4.294,3.000
126,300,0.790,0.333,4.054,2.000
275,954,0.909,1.000,4.592,5.000
375,3256,0.878,1.000,4.452,5.000
509,64957,0.631,0.444,3.339,2.500
419,97866,0.890,1.000,4.507,5.000
584,477,0.916,0.778,4.623,4.000
290,2394,0.729,0.778,3.780,4.000
334,30810,0.633,0.444,3.350,2.500
525,4857,0.758,0.667,3.911,3.500
493,1527,0.780,0.556,4.012,3.000
423,150,0.809,1.000,4.139,5.000
430,66097,0.867,0.667,4.403,3.500
187,288,0.589,0.556,3.151,3.000
415,1198,0.864,0.778,4.389,4.000
263,8914,0.740,0.778,3.829,4.000
204,3266,0.842,1.000,4.289,5.000
169,8641,0.920,1.000,4.640,5.000
149,32,0.602,0.778,3.209,4.000
77,3948,0.830,0.556,4.237,3.000
409,2997,0.868,0.556,4.407,3.000
370,7090,0.658,0.889,3.463,4.500
307,65882,0.539,0.667,2.927,3.500
583,1721,0.620,0.778,3.289,4.000
56,69,0.825,0.778,4.214,4.000
603,4259,0.810,0.556,4.145,3.000
271,3706,0.545,0.778,2.953,4.000
428,5081,0.295,0.556,1.825,3.000
21,164909,0.627,0.667,3.322,3.500
208,733,0.694,0.556,3.622,3.000
131,778,0.670,0.778,3.515,4.000
117,880,0.514,0.556,2.813,3.000
268,2324,0.859,0.333,4.366,2.000
240,1359,0.776,1.000,3.991,5.000
269,828,0.576,0.556,3.094,3.000
393,52722,0.715,0.444,3.718,2.500
425,55118,0.757,0.667,3.908,3.500
166,2987,0.777,0.667,3.998,3.500
251,1225,0.991,1.000,4.962,5.000
226,59784,0.646,0.778,3.406,4.000
35,252,0.727,0.778,3.770,4.000
472,1193,0.924,0.889,4.658,4.500
594,1707,0.686,0.778,3.585,4.000
418,1222,0.888,0.778,4.497,4.000
370,32587,0.773,0.778,3.980,4.000
329,4262,0.828,0.000,4.225,0.500
493,349,0.749,0.556,3.871,3.000
402,719,0.717,0.556,3.725,3.000
514,5247,0.661,0.444,3.474,2.500
601,3000,0.863,0.778,4.382,4.000
213,1234,0.819,0.778,4.187,4.000
490,68954,0.700,0.667,3.651,3.500
499,48394,0.794,0.667,4.074,3.500
74,57147,0.841,0.778,4.286,4.000
343,1200,0.906,0.667,4.579,3.500
331,187593,0.642,0.778,3.391,4.000
380,151763,0.911,0.778,4.600,4.000
228,50,0.880,0.889,4.458,4.500
581,59315,0.841,0.778,4.286,4.000
381,1046,0.889,1.000,4.502,5.000
245,3257,0.208,0.556,1.434,3.000
351,55820,0.763,0.778,3.932,4.000
20,2092,0.341,0.556,2.033,3.000
540,48516,0.878,1.000,4.453,5.000
571,1328,0.234,0.111,1.552,1.000
537,55946,0.808,1.000,4.137,5.000
506,56367,0.648,0.778,3.418,4.000
223,58559,0.777,0.889,3.996,4.500
568,356,0.887,1.000,4.492,5.000
293,151,0.464,0.556,2.587,3.000
586,553,0.913,0.889,4.608,4.500
550,134130,0.871,0.778,4.420,4.000
530,509,0.744,0.556,3.846,3.000
134,509,0.688,0.778,3.597,4.000
276,333,0.973,1.000,4.877,5.000
561,316,0.586,0.889,3.135,4.500
76,158,0.314,0.000,1.912,0.500
353,552,0.647,0.333,3.412,2.000
14,448,0.631,0.556,3.338,3.000
221,25773,0.810,0.778,4.143,4.000
44,1639,0.728,1.000,3.776,5.000
432,6214,0.705,0.667,3.673,3.500
413,128360,0.998,0.556,4.991,3.000
452,6537,0.963,0.889,4.833,4.500
72,165,0.742,0.778,3.837,4.000
210,166203,0.878,0.778,4.449,4.000
95,8636,0.883,0.889,4.472,4.500
582,91658,0.712,0.778,3.702,4.000
6,979,0.702,0.556,3.661,3.000
243,248,0.912,0.778,4.603,4.000
363,122918,0.704,1.000,3.670,5.000
167,1198,0.807,0.778,4.133,4.000
388,5218,0.739,0.889,3.827,4.500
341,69122,0.748,0.444,3.866,2.500
156,5505,0.604,0.333,3.217,2.000
221,9018,0.888,1.000,4.496,5.000
41,101525,0.641,0.556,3.384,3.000
598,54001,0.941,1.000,4.735,5.000
603,4589,0.724,0.111,3.756,1.000
347,648,0.697,0.778,3.635,4.000
150,628,0.741,0.556,3.836,3.000
520,5265,0.800,0.778,4.100,4.000
83,2115,0.646,0.333,3.405,2.000
233,81845,0.621,0.667,3.296,3.500
27,2628,0.605,1.000,3.220,5.000
5,474,0.641,0.778,3.383,4.000
31,612,0.688,0.556,3.594,3.000
429,164,0.803,0.556,4.114,3.000
69,4022,0.902,0.778,4.560,4.000
183,2058,0.653,0.778,3.439,4.000
585,80463,0.879,0.889,4.454,4.500
36,318,0.819,0.778,4.186,4.000
139,79293,0.166,0.222,1.245,1.500
448,165347,0.679,0.333,3.553,2.000
70,1250,0.918,0.889,4.629,4.500
521,103,0.533,0.556,2.898,3.000
37,1073,0.827,0.778,4.224,4.000
608,51255,0.843,0.889,4.293,4.500
379,19,0.532,0.333,2.895,2.000
557,60069,0.887,0.778,4.490,4.000
445,5971,0.806,0.333,4.129,2.000
499,3727,0.897,1.000,4.535,5.000
466,63859,0.736,0.778,3.811,4.000
201,1037,0.782,0.556,4.020,3.000
3,527,0.798,0.000,4.092,0.500
527,1350,0.891,0.778,4.509,4.000
71,24,0.722,0.333,3.750,2.000
130,110,0.793,1.000,4.067,5.000
508,2011,0.367,0.778,2.153,4.000
186,648,0.848,0.778,4.315,4.000
517,96520,0.611,0.333,3.250,2.000
528,7438,0.786,0.667,4.036,3.500
461,104841,0.765,0.000,3.945,0.500
89,116718,0.730,0.667,3.784,3.500
179,725,0.605,0.556,3.222,3.000
328,588,0.539,0.667,2.926,3.500
398,7099,0.933,0.889,4.699,4.500
331,1676,0.671,0.778,3.521,4.000
255,4018,0.308,0.333,1.885,2.000
254,904,0.861,0.889,4.374,4.500
136,274,0.518,0.778,2.829,4.000
295,1201,0.937,0.667,4.718,3.500
85,1391,0.713,0.111,3.707,1.000
376,59369,0.790,1.000,4.054,5.000
54,586,0.525,0.333,2.861,2.000
257,2406,0.662,0.667,3.481,3.500
299,1994,0.647,0.778,3.411,4.000
463,296,0.931,0.778,4.690,4.000
333,3564,0.058,0.111,0.761,1.000
548,49910,0.671,1.000,3.518,5.000
400,356,0.921,0.889,4.646,4.500
382,55247,0.872,1.000,4.423,5.000
206,719,0.570,0.556,3.066,3.000
350,849,0.540,0.556,2.932,3.000
336,34162,0.795,0.778,4.076,4.000
588,3,0.545,0.556,2.954,3.000
597,2712,0.792,0.556,4.062,3.000
580,51412,0.620,0.889,3.292,4.500
341,136020,0.688,0.889,3.596,4.500
364,783,0.846,0.556,4.309,3.000
289,7025,0.456,1.000,2.551,5.000
290,2560,0.636,0.556,3.363,3.000
482,8917,0.690,0.111,3.606,1.000
603,4304,0.727,0.556,3.773,3.000
63,53000,0.562,0.333,3.028,2.000
401,55768,0.610,0.444,3.243,2.500
574,225,0.744,0.778,3.847,4.000
491,2671,0.843,0.778,4.294,4.000
547,2194,0.898,0.556,4.542,3.000
174,520,0.648,1.000,3.414,5.000
270,79,0.296,0.333,1.834,2.000
26,356,0.795,0.556,4.080,3.000
268,1201,0.888,1.000,4.496,5.000
434,1270,0.805,0.667,4.124,3.500
424,53127,0.626,0.667,3.317,3.500
247,1035,0.779,0.333,4.006,2.000
593,6776,0.669,0.778,3.512,4.000
4,4246,0.676,0.778,3.541,4.000
51,4241,0.739,0.000,3.826,0.500
484,5786,0.807,0.889,4.134,4.500
288,57669,0.811,1.000,4.151,5.000
369,1225,0.695,0.444,3.629,2.500
244,736,0.761,0.333,3.926,2.000
141,115713,0.773,0.889,3.978,4.500
127,36517,0.695,0.778,3.628,4.000
128,1284,0.875,1.000,4.437,5.000
597,2028,0.944,1.000,4.749,5.000
170,5,0.540,0.556,2.929,3.000
444,357,0.758,0.778,3.910,4.000
443,79132,0.816,0.111,4.174,1.000
239,1645,0.716,0.778,3.724,4.000
231,54286,0.751,0.778,3.878,4.000
85,1358,0.856,0.111,4.351,1.000
353,355,0.374,0.333,2.184,2.000
200,3825,0.606,0.667,3.227,3.500
552,2141,0.684,0.333,3.579,2.000
26,225,0.596,0.556,3.181,3.000
65,111759,0.856,0.778,4.354,4.000
28,69849,0.495,0.667,2.730,3.500
238,3528,0.758,0.778,3.910,4.000
171,994,0.988,1.000,4.947,5.000
31,605,0.692,0.778,3.614,4.000
58,708,0.784,1.000,4.029,5.000
425,43921,0.697,0.778,3.636,4.000
57,1646,0.557,0.111,3.008,1.000
399,33166,0.910,0.889,4.593,4.500
264,2762,0.835,0.889,4.259,4.500
137,7762,0.815,0.556,4.168,3.000
260,2908,0.794,1.000,4.075,5.000
448,146730,0.483,0.333,2.674,2.000
155,1580,0.642,0.778,3.387,4.000
256,106487,0.750,0.889,3.874,4.500
310,4306,0.767,0.667,3.950,3.500
425,74545,0.738,0.556,3.820,3.000
242,236,0.575,0.556,3.088,3.000
575,296,0.875,1.000,4.437,5.000
470,14,0.803,0.778,4.115,4.000
255,2915,0.373,0.333,2.177,2.000
12,39,0.875,0.778,4.438,4.000
606,2355,0.737,0.556,3.815,3.000
94,337,0.750,0.556,3.876,3.000
369,47,0.753,0.667,3.887,3.500
24,5791,0.699,0.778,3.647,4.000
461,1213,0.770,0.778,3.967,4.000
453,5788,0.725,0.778,3.765,4.000
32,282,0.666,0.778,3.499,4.000
268,1047,0.541,0.778,2.935,4.000
514,5246,0.569,0.222,3.060,1.500
141,3752,0.598,0.667,3.191,3.500
125,167746,0.820,0.778,4.188,4.000
116,1035,0.676,1.000,3.542,5.000
274,81932,0.713,0.778,3.708,4.000
394,225,0.538,0.778,2.921,4.000
304,597,0.728,0.778,3.775,4.000
505,3476,0.920,0.778,4.639,4.000
278,50,0.899,1.000,4.547,5.000
437,223,0.811,1.000,4.148,5.000
290,24,0.731,0.556,3.788,3.000
5,300,0.718,0.556,3.731,3.000
573,112852,0.926,0.889,4.668,4.500
408,109487,0.847,0.778,4.310,4.000
359,2455,0.662,0.444,3.479,2.500
539,31878,0.753,0.000,3.890,0.500
60,58559,0.854,1.000,4.342,5.000
55,3275,0.786,1.000,4.037,5.000
51,3799,0.539,0.000,2.925,0.500
135,2746,0.704,0.778,3.666,4.000
477,71535,0.789,0.889,4.052,4.500
560,102194,0.798,0.778,4.091,4.000
308,95377,0.554,0.556,2.994,3.000
236,2505,0.546,0.778,2.955,4.000
262,428,0.542,0.556,2.939,3.000
426,8529,0.803,0.556,4.115,3.000
610,2459,0.582,0.667,3.117,3.500
3,5048,0.350,0.000,2.074,0.500
607,3994,0.705,0.556,3.671,3.000
477,78746,0.793,0.778,4.068,4.000
309,1219,0.854,0.667,4.345,3.500
468,160,0.470,0.333,2.614,2.000
407,293,0.853,0.556,4.336,3.000
402,852,0.753,0.556,3.889,3.000
3,2424,0.523,0.000,2.853,0.500
505,47,0.917,1.000,4.624,5.000
195,5254,0.575,0.556,3.085,3.000
38,203,0.550,0.556,2.976,3.000
489,1042,0.493,0.333,2.719,2.000
461,68157,0.768,0.000,3.954,0.500
537,4954,0.804,1.000,4.119,5.000
297,692,0.059,0.111,0.767,1.000
411,448,0.543,0.778,2.943,4.000
90,1116,0.784,0.778,4.028,4.000
495,4728,0.660,0.778,3.472,4.000
515,179819,0.988,0.778,4.946,4.000
457,3798,0.674,0.556,3.534,3.000
497,1247,0.670,1.000,3.514,5.000
320,72998,0.784,0.778,4.027,4.000
61,7361,0.911,0.778,4.601,4.000
188,906,0.929,1.000,4.680,5.000
11,2027,0.150,0.556,1.176,3.000
50,1201,0.695,0.778,3.628,4.000
553,3362,0.885,0.667,4.482,3.500
198,541,0.903,0.556,4.565,3.000
174,333,0.840,0.778,4.278,4.000
413,4816,0.994,0.000,4.972,0.500
129,3745,0.666,0.778,3.499,4.000
89,72692,0.787,1.000,4.040,5.000
430,60684,0.916,0.889,4.621,4.500
163,1608,0.600,0.778,3.202,4.000
149,541,0.731,0.778,3.789,4.000
599,332,0.289,0.222,1.799,1.500
584,60,0.921,1.000,4.645,5.000
453,5876,0.834,1.000,4.252,5.000
122,4873,0.942,0.889,4.740,4.500
84,1091,0.562,0.556,3.029,3.000
556,112852,0.863,1.000,4.386,5.000
314,1367,0.427,0.556,2.423,3.000
452,3552,0.991,1.000,4.961,5.000
547,2020,0.876,1.000,4.443,5.000
502,520,0.685,1.000,3.582,5.000
294,2477,0.710,0.333,3.696,2.000
192,480,0.871,1.000,4.420,5.000
207,2329,0.893,0.667,4.519,3.500
566,541,0.837,0.778,4.268,4.000
481,1665,0.616,0.333,3.274,2.000
242,337,0.703,0.556,3.665,3.000
534,164367,0.768,1.000,3.954,5.000
92,51662,0.814,0.889,4.165,4.500
46,282,0.859,0.556,4.364,3.000
438,40815,0.667,0.778,3.503,4.000
460,1584,0.740,1.000,3.830,5.000
265,1488,0.461,0.333,2.574,2.000
159,5299,0.602,0.778,3.207,4.000
17,111,0.797,0.778,4.086,4.000
462,44555,0.730,0.889,3.783,4.500
225,1717,0.612,0.333,3.254,2.000
576,2289,0.751,1.000,3.880,5.000
338,190213,0.556,0.111,3.004,1.000
197,1209,0.910,1.000,4.596,5.000
339,166643,0.799,0.778,4.097,4.000
361,46723,0.662,0.556,3.480,3.000
315,1201,0.797,0.556,4.085,3.000
219,64575,0.598,1.000,3.193,5.000
547,541,0.924,1.000,4.658,5.000
456,1060,0.859,0.778,4.367,4.000
502,1027,0.691,0.556,3.611,3.000
449,2858,0.829,0.778,4.232,4.000
411,271,0.528,0.556,2.875,3.000
100,2710,0.731,0.333,3.787,2.000
126,367,0.497,1.000,2.737,5.000
463,1221,0.892,0.889,4.512,4.500
405,55253,0.692,0.778,3.612,4.000
454,1252,0.750,0.778,3.875,4.000
302,858,0.962,1.000,4.828,5.000
406,33669,0.602,1.000,3.209,5.000
52,39444,0.974,1.000,4.881,5.000
472,91529,0.893,1.000,4.519,5.000
136,188,0.754,1.000,3.892,5.000
518,6377,0.879,1.000,4.457,5.000
301,55052,0.821,0.667,4.196,3.500
362,90345,0.769,0.778,3.960,4.000
102,540,0.584,0.111,3.128,1.000
54,500,0.546,0.556,2.956,3.000
164,780,0.859,1.000,4.366,5.000
71,589,0.800,0.556,4.098,3.000
114,4306,0.725,0.333,3.764,2.000
558,3825,0.557,0.778,3.005,4.000
128,943,0.811,0.778,4.152,4.000
480,1282,0.767,0.667,3.952,3.500
119,8622,0.791,0.667,4.061,3.500
405,27266,0.786,0.778,4.037,4.000
455,62,0.705,0.778,3.671,4.000
494,1036,0.879,1.000,4.456,5.000
137,1293,0.758,0.889,3.913,4.500
35,342,0.674,0.778,3.531,4.000
406,46972,0.667,0.778,3.501,4.000
70,5669,0.917,0.889,4.625,4.500
25,74458,0.982,0.889,4.919,4.500
567,114554,0.324,0.111,1.960,1.000
337,191,0.656,1.000,3.452,5.000
277,1043,0.423,0.556,2.404,3.000
526,135198,0.728,0.778,3.778,4.000
324,3864,0.488,0.778,2.697,4.000
71,1240,0.767,0.778,3.950,4.000
548,3263,0.834,0.889,4.252,4.500
143,6332,0.648,0.889,3.415,4.500
579,892,0.827,1.000,4.223,5.000
163,1588,0.586,0.778,3.138,4.000
408,122904,0.810,0.667,4.146,3.500
356,3852,0.833,1.000,4.250,5.000
331,2712,0.773,0.778,3.980,4.000
513,5349,0.678,0.778,3.549,4.000
251,159817,0.997,1.000,4.985,5.000
277,1429,0.733,0.556,3.797,3.000
214,1409,0.402,0.556,2.311,3.000
116,2006,0.600,1.000,3.199,5.000
358,5066,0.675,1.000,3.538,5.000
129,8132,0.827,0.889,4.223,4.500
609,892,0.642,0.556,3.389,3.000
379,21,0.559,0.333,3.014,2.000
556,56171,0.670,0.778,3.516,4.000
322,30749,0.617,0.889,3.278,4.500
182,904,0.808,0.778,4.135,4.000
473,293,0.811,0.778,4.148,4.000
490,90376,0.527,0.667,2.872,3.500
368,3431,0.318,0.333,1.930,2.000
533,3727,0.959,1.000,4.815,5.000
555,3257,0.535,0.556,2.910,3.000
8,235,0.619,0.556,3.287,3.000
259,4018,0.540,0.778,2.928,4.000
501,662,0.445,0.556,2.500,3.000
494,1291,0.914,1.000,4.612,5.000
231,1704,0.733,0.333,3.798,2.000
320,68358,0.863,0.778,4.383,4.000
108,4639,0.305,0.556,1.871,3.000
448,152085,0.551,0.444,2.980,2.500
284,255,0.628,0.556,3.324,3.000
465,3448,0.854,1.000,4.343,5.000
144,2081,0.782,0.778,4.018,4.000
354,3617,0.632,0.667,3.345,3.500
194,1035,0.712,0.778,3.702,4.000
261,7361,0.918,1.000,4.632,5.000
259,3910,0.722,1.000,3.747,5.000
474,63433,0.613,0.778,3.258,4.000
209,88125,0.880,0.889,4.459,4.500
50,105250,0.386,0.667,2.235,3.500
507,39,0.543,0.556,2.943,3.000
111,4011,0.791,0.556,4.061,3.000
329,1201,0.941,0.333,4.733,2.000
497,111,0.689,1.000,3.601,5.000
447,519,0.357,0.778,2.108,4.000
214,1363,0.526,0.556,2.866,3.000
487,92535,0.795,0.111,4.077,1.000
132,4973,0.669,0.778,3.512,4.000
210,179511,0.871,0.778,4.421,4.000
189,91529,0.756,0.667,3.902,3.500
348,8798,0.940,0.889,4.732,4.500
259,7149,0.628,0.778,3.326,4.000
458,39,0.734,0.778,3.801,4.000
108,3978,0.629,0.778,3.330,4.000
450,2924,0.881,1.000,4.463,5.000
291,134853,0.868,0.111,4.406,1.000
428,4068,0.286,0.111,1.788,1.000
325,5553,0.575,0.556,3.086,3.000
63,1203,0.776,0.778,3.994,4.000
202,3725,0.734,0.556,3.804,3.000
560,105213,0.674,0.444,3.533,2.500
581,8368,0.914,0.889,4.614,4.500
587,534,0.875,0.778,4.438,4.000
173,171,0.577,1.000,3.097,5.000
364,376,0.833,1.000,4.248,5.000
251,356,0.995,1.000,4.977,5.000
121,246,0.748,0.556,3.865,3.000
256,2011,0.869,1.000,4.408,5.000
19,2184,0.555,0.556,2.995,3.000
543,88163,0.999,0.778,4.995,4.000
281,2858,0.893,0.667,4.519,3.500
279,5378,0.575,0.111,3.090,1.000
244,316,0.700,0.556,3.651,3.000
277,1167,0.784,0.556,4.029,3.000
102,3,0.567,1.000,3.054,5.000
7,49278,0.692,0.667,3.613,3.500
103,4254,0.457,0.667,2.555,3.500
459,50872,0.889,0.778,4.499,4.000
484,80241,0.720,0.778,3.739,4.000
109,249,0.598,0.778,3.190,4.000
386,786,0.445,0.556,2.501,3.000
337,27,0.826,1.000,4.216,5.000
133,377,0.607,0.556,3.233,3.000
433,99114,0.686,0.333,3.588,2.000
489,1967,0.672,0.667,3.524,3.500
397,8645,0.703,0.778,3.666,4.000
559,76,0.571,0.556,3.069,3.000
593,892,0.404,0.778,2.318,4.000
596,4015,0.471,0.333,2.621,2.000
321,24,0.588,0.778,3.145,4.000
544,68,0.895,1.000,4.529,5.000
40,126,0.397,0.556,2.287,3.000
551,6874,0.886,0.000,4.487,0.500
250,3499,0.915,0.889,4.618,4.500
563,54734,0.707,0.222,3.683,1.500
416,7323,0.471,0.889,2.619,4.500
72,2329,0.904,0.889,4.568,4.500
173,17,0.862,0.778,4.379,4.000
120,765,0.431,0.556,2.441,3.000
191,151,0.778,0.778,4.002,4.000
488,3147,0.894,0.667,4.524,3.500
488,2918,0.881,0.778,4.463,4.000
428,6888,0.103,0.333,0.963,2.000
256,134368,0.739,0.556,3.827,3.000
216,4036,0.644,0.556,3.396,3.000
357,1760,0.148,0.333,1.165,2.000
605,3997,0.410,0.333,2.344,2.000
319,122904,0.834,0.667,4.251,3.500
353,69,0.694,0.556,3.623,3.000
307,69122,0.612,1.000,3.255,5.000
497,608,0.774,0.889,3.981,4.500
294,2643,0.207,0.111,1.431,1.000
34,2424,0.684,0.111,3.579,1.000
594,8533,0.880,0.778,4.461,4.000
354,70,0.723,0.889,3.755,4.500
83,595,0.532,0.667,2.892,3.500
449,3950,0.516,0.778,2.824,4.000
404,272,0.683,0.556,3.574,3.000
363,1552,0.641,0.556,3.385,3.000
557,5618,0.916,1.000,4.621,5.000
421,6777,0.795,0.889,4.078,4.500
174,224,0.758,0.556,3.913,3.000
93,150,0.915,1.000,4.618,5.000
301,56782,0.881,0.889,4.462,4.500
355,910,0.897,0.778,4.535,4.000
579,538,0.843,0.556,4.292,3.000
343,527,0.822,1.000,4.200,5.000
422,2806,0.259,0.333,1.667,2.000
472,95510,0.814,1.000,4.162,5.000
81,32,0.574,1.000,3.081,5.000
373,60,0.436,0.556,2.461,3.000
573,111362,0.923,1.000,4.652,5.000
291,122904,0.825,1.000,4.215,5.000
162,371,0.741,0.556,3.833,3.000
585,1228,0.930,1.000,4.687,5.000
591,368,0.701,1.000,3.656,5.000
234,2053,0.423,0.333,2.401,2.000
421,81845,0.863,0.889,4.385,4.500
498,585,0.576,0.778,3.092,4.000
58,1073,0.809,1.000,4.141,5.000
225,2004,0.786,0.556,4.035,3.000
466,112175,0.681,0.778,3.563,4.000
610,3917,0.734,0.778,3.801,4.000
578,73017,0.923,1.000,4.654,5.000
207,2858,0.908,1.000,4.585,5.000
24,132660,0.707,0.778,3.681,4.000
532,290,0.965,0.556,4.843,3.000
182,5690,0.810,0.889,4.147,4.500
177,2722,0.463,0.333,2.582,2.000
199,58998,0.721,0.889,3.746,4.500
46,173,0.568,1.000,3.056,5.000
253,55442,0.891,0.889,4.508,4.500
536,445,0.588,0.556,3.145,3.000
170,733,0.704,0.556,3.669,3.000
452,1614,0.944,0.778,4.748,4.000
326,1246,0.869,0.889,4.412,4.500
187,2628,0.603,0.222,3.212,1.500
347,780,0.727,1.000,3.769,5.000
252,50872,0.883,0.889,4.474,4.500
404,527,0.843,0.778,4.294,4.000
261,69122,0.769,0.667,3.960,3.500
365,113453,0.463,0.667,2.584,3.500
184,122912,0.903,1.000,4.562,5.000
398,5291,0.898,0.444,4.540,2.500
161,38038,0.771,1.000,3.968,5.000
107,160,0.616,0.778,3.273,4.000
52,49651,0.952,0.889,4.786,4.500
602,368,0.598,0.333,3.189,2.000
246,5279,0.874,1.000,4.433,5.000
542,8984,0.776,0.556,3.992,3.000
464,31696,0.682,0.444,3.569,2.500
560,80831,0.743,0.444,3.844,2.500
492,990,0.793,0.778,4.068,4.000
200,1556,0.385,0.333,2.234,2.000
218,750,0.893,1.000,4.520,5.000
483,2253,0.484,0.556,2.678,3.000
479,562,0.645,0.556,3.401,3.000
118,25,0.796,0.333,4.081,2.000
197,318,0.973,0.778,4.877,4.000
234,502,0.511,0.111,2.799,1.000
1,2478,0.819,0.778,4.186,4.000
240,810,0.564,0.778,3.040,4.000
578,8533,0.826,1.000,4.218,5.000
142,95,0.628,0.556,3.328,3.000
181,86,0.645,0.778,3.401,4.000
445,541,0.724,0.778,3.756,4.000
563,49286,0.728,0.667,3.778,3.500
229,508,0.748,0.778,3.864,4.000
113,1645,0.865,0.111,4.393,1.000
139,3997,0.088,0.111,0.898,1.000
586,79139,0.865,0.778,4.392,4.000
293,3646,0.177,0.333,1.295,2.000
324,3899,0.542,0.111,2.940,1.000
564,128520,0.616,1.000,3.271,5.000
138,2582,0.749,0.222,3.869,1.500
511,90866,0.777,0.778,3.995,4.000
587,3082,0.691,1.000,3.612,5.000
156,8228,0.679,1.000,3.555,5.000
349,586,0.611,0.556,3.251,3.000
526,176415,0.533,0.667,2.897,3.500
57,1726,0.490,0.333,2.707,2.000
306,168418,0.669,0.667,3.512,3.500
246,82202,0.818,0.778,4.181,4.000
271,2329,0.755,0.556,3.898,3.000
265,3826,0.387,0.333,2.240,2.000
324,3912,0.654,0.111,3.441,1.000
192,315,0.693,0.778,3.617,4.000
493,163,0.714,0.778,3.714,4.000
508,2012,0.300,0.778,1.849,4.000
47,2291,0.588,0.444,3.144,2.500
396,1,0.687,1.000,3.590,5.000
564,131013,0.612,0.778,3.254,4.000
286,6365,0.625,0.222,3.311,1.500
305,75813,0.703,0.667,3.662,3.500
592,141,0.793,0.556,4.069,3.000
94,44,0.460,0.111,2.568,1.000
132,1059,0.573,0.556,3.079,3.000
347,1,0.750,1.000,3.876,5.000
313,991,0.814,0.556,4.164,3.000
128,945,0.904,1.000,4.570,5.000
154,73321,0.947,0.444,4.762,2.500
125,166635,0.826,0.778,4.216,4.000
62,1265,0.902,0.778,4.558,4.000
566,1027,0.559,0.333,3.016,2.000
91,2002,0.557,0.333,3.006,2.000
418,96821,0.830,0.889,4.237,4.500
9,5841,0.299,0.111,1.847,1.000
337,193,0.798,0.778,4.093,4.000
261,8914,0.640,1.000,3.382,5.000
572,1228,0.943,0.778,4.744,4.000
41,6287,0.394,1.000,2.272,5.000
511,115149,0.793,0.778,4.067,4.000
262,135,0.477,0.556,2.644,3.000
9,5962,0.688,0.111,3.594,1.000
106,47099,0.959,1.000,4.815,5.000
113,1589,0.817,0.333,4.178,2.000
150,79,0.609,0.556,3.240,3.000
518,6333,0.832,0.889,4.245,4.500
53,1049,0.994,1.000,4.971,5.000
545,3991,0.502,0.667,2.758,3.500
327,1288,0.844,0.778,4.296,4.000
249,187593,0.733,1.000,3.797,5.000
446,342,0.544,0.556,2.947,3.000
545,1367,0.634,0.667,3.351,3.500
153,66665,0.191,0.556,1.361,3.000
375,318,0.971,1.000,4.868,5.000
549,4226,0.821,1.000,4.193,5.000
570,4020,0.474,0.667,2.634,3.500
388,44022,0.703,0.889,3.665,4.500
211,1198,0.790,0.889,4.057,4.500
469,590,0.828,0.778,4.228,4.000
590,81834,0.701,0.778,3.656,4.000
328,8464,0.569,0.556,3.059,3.000
366,59315,0.782,0.667,4.020,3.500
39,2174,0.754,0.556,3.892,3.000
348,5669,0.949,0.778,4.770,4.000
367,3324,0.703,0.111,3.665,1.000
373,249,0.834,1.000,4.255,5.000
596,1835,0.656,0.556,3.451,3.000
202,596,0.697,0.778,3.634,4.000
54,469,0.526,0.556,2.866,3.000
527,3016,0.839,0.778,4.273,4.000
110,778,0.785,0.667,4.034,3.500
224,1554,0.978,0.111,4.900,1.000
542,4344,0.742,0.778,3.840,4.000
576,1188,0.693,0.111,3.620,1.000
61,593,0.902,0.778,4.560,4.000
232,7156,0.789,0.667,4.051,3.500
172,3578,0.890,0.778,4.505,4.000
516,4291,0.543,0.556,2.942,3.000
21,6155,0.567,0.667,3.052,3.500
147,552,0.622,0.889,3.300,4.500
333,3797,0.619,0.111,3.285,1.000
234,1460,0.643,0.556,3.392,3.000
518,6323,0.640,0.889,3.381,4.500
553,3949,0.930,1.000,4.686,5.000
296,4144,0.958,1.000,4.809,5.000
519,140110,0.889,0.778,4.499,4.000
529,65,0.571,0.111,3.067,1.000
243,376,0.915,0.556,4.617,3.000
56,370,0.596,0.556,3.183,3.000
272,108190,0.557,0.556,3.008,3.000
380,90345,0.752,0.667,3.886,3.500
138,3972,0.841,1.000,4.284,5.000
276,150,0.955,1.000,4.796,5.000
15,71264,0.607,0.444,3.232,2.500
538,4616,0.889,0.889,4.499,4.500
382,50003,0.580,0.556,3.112,3.000
327,231,0.633,1.000,3.351,5.000
606,97225,0.845,0.667,4.302,3.500
180,4993,0.714,0.889,3.712,4.500
178,6380,0.785,0.778,4.035,4.000
323,111659,0.408,0.778,2.338,4.000
297,1004,0.292,0.333,1.813,2.000
150,805,0.851,0.778,4.331,4.000
279,109374,0.740,0.889,3.830,4.500
124,3556,0.881,0.778,4.466,4.000
131,1200,0.742,0.667,3.839,3.500
61,318,0.938,1.000,4.723,5.000
122,7387,0.980,1.000,4.908,5.000
549,48516,0.757,1.000,3.907,5.000
157,2686,0.752,0.556,3.886,3.000
511,95207,0.477,0.667,2.648,3.500
226,46965,0.425,0.556,2.412,3.000
535,2574,0.416,0.111,2.371,1.000
526,128620,0.664,1.000,3.488,5.000
6,1061,0.767,0.778,3.953,4.000
601,1207,0.883,0.778,4.476,4.000
222,8529,0.431,0.556,2.439,3.000
235,246,0.869,0.778,4.413,4.000
233,187593,0.508,0.444,2.788,2.500
51,59306,0.551,0.000,2.981,0.500
250,4921,0.882,1.000,4.471,5.000
216,4025,0.516,0.333,2.824,2.000
43,1064,0.999,1.000,4.995,5.000
512,2,0.692,0.556,3.615,3.000
103,2018,0.654,0.667,3.444,3.500
193,5618,0.790,1.000,4.057,5.000
311,4936,0.342,0.333,2.037,2.000
416,3677,0.600,0.778,3.198,4.000
376,96079,0.866,0.889,4.395,4.500
519,7445,0.909,1.000,4.591,5.000
169,8644,0.912,0.444,4.602,2.500
88,4226,0.933,0.778,4.697,4.000
25,177593,0.992,1.000,4.965,5.000
595,2336,0.884,0.778,4.477,4.000
365,333,0.487,0.556,2.690,3.000
312,5956,0.658,1.000,3.460,5.000
88,4262,0.875,0.889,4.437,4.500
117,762,0.526,0.556,2.868,3.000
148,81847,0.756,0.889,3.901,4.500
467,466,0.567,0.111,3.051,1.000
198,2407,0.653,0.556,3.439,3.000
431,543,0.508,0.667,2.786,3.500
86,74553,0.824,0.667,4.209,3.500
228,858,0.928,0.778,4.677,4.000
321,3,0.569,0.556,3.058,3.000
229,265,0.779,0.778,4.005,4.000
229,36,0.869,0.778,4.412,4.000
155,3354,0.665,0.778,3.492,4.000
29,1408,0.825,1.000,4.213,5.000
253,5991,0.899,1.000,4.544,5.000
27,2530,0.551,0.556,2.977,3.000
400,4878,0.875,0.889,4.439,4.500
500,1029,0.683,0.556,3.571,3.000
340,253,0.858,0.778,4.359,4.000
351,4878,0.784,0.667,4.027,3.500
390,8970,0.800,0.778,4.100,4.000
414,187595,0.702,0.667,3.659,3.500
45,51080,0.816,0.889,4.173,4.500
44,605,0.591,0.111,3.160,1.000
220,39183,0.877,0.444,4.448,2.500
320,3578,0.916,0.667,4.620,3.500
99,312,0.651,0.111,3.431,1.000
480,5782,0.815,0.778,4.167,4.000
387,5065,0.671,0.556,3.518,3.000
10,7293,0.688,0.667,3.598,3.500
44,1544,0.510,0.111,2.796,1.000
509,2138,0.710,0.556,3.697,3.000
591,3897,0.813,0.556,4.160,3.000
464,45672,0.524,0.556,2.860,3.000
225,1970,0.554,0.778,2.991,4.000
275,1333,0.843,0.778,4.292,4.000
228,318,0.947,0.778,4.764,4.000
147,1376,0.640,1.000,3.378,5.000
241,2997,0.734,0.667,3.802,3.500
77,8636,0.976,1.000,4.892,5.000
440,3471,0.761,0.889,3.923,4.500
552,5747,0.792,1.000,4.062,5.000
205,71462,0.636,1.000,3.360,5.000
570,2763,0.748,0.556,3.865,3.000
519,69406,0.800,0.556,4.100,3.000
285,4091,0.582,0.556,3.120,3.000
140,49524,0.660,0.667,3.469,3.500
589,1092,0.743,0.556,3.845,3.000
382,762,0.531,0.556,2.890,3.000
218,5349,0.603,0.556,3.214,3.000
23,6,0.710,0.778,3.694,4.000
215,1259,0.779,0.889,4.004,4.500
197,2028,0.875,0.556,4.436,3.000
352,590,0.826,1.000,4.216,5.000
568,480,0.795,0.556,4.077,3.000
510,1213,0.779,0.667,4.007,3.500
15,596,0.602,0.333,3.207,2.000
572,1682,0.871,0.556,4.420,3.000
241,8981,0.712,0.778,3.704,4.000
209,122886,0.875,0.667,4.439,3.500
596,2384,0.570,0.556,3.063,3.000
73,106072,0.679,1.000,3.553,5.000
318,49917,0.622,0.778,3.297,4.000
420,1175,0.717,0.778,3.728,4.000
264,253,0.710,0.778,3.695,4.000
344,1265,0.829,1.000,4.230,5.000
311,3977,0.425,0.111,2.411,1.000
588,350,0.581,0.556,3.113,3.000
68,111362,0.635,0.556,3.356,3.000
201,435,0.540,0.778,2.929,4.000
291,7153,0.925,0.556,4.663,3.000
133,300,0.658,0.556,3.461,3.000
185,1393,0.764,0.778,3.940,4.000
82,6750,0.677,0.556,3.549,3.000
189,3578,0.889,0.778,4.499,4.000
469,2729,0.634,0.778,3.353,4.000
433,80463,0.724,0.778,3.759,4.000
185,1658,0.615,1.000,3.267,5.000
442,3386,0.226,0.000,1.519,0.500
165,368,0.589,0.778,3.151,4.000
227,36529,0.840,0.889,4.282,4.500
605,8782,0.473,0.556,2.630,3.000
528,4886,0.681,0.667,3.563,3.500
106,318,0.990,1.000,4.953,5.000
226,56757,0.731,0.778,3.788,4.000
423,110,0.824,0.778,4.207,4.000
330,7387,0.792,1.000,4.065,5.000
326,8665,0.764,1.000,3.939,5.000
172,7438,0.757,0.778,3.908,4.000
194,552,0.571,0.667,3.069,3.500
325,2204,0.746,0.556,3.855,3.000
535,2688,0.297,0.333,1.836,2.000
314,1371,0.471,0.333,2.617,2.000
208,1210,0.750,0.778,3.873,4.000
152,64620,0.750,0.778,3.873,4.000
246,3079,0.858,0.778,4.359,4.000
525,3397,0.889,0.556,4.499,3.000
393,59615,0.889,0.333,4.502,2.000
158,55282,0.709,0.556,3.691,3.000
168,2076,0.894,0.889,4.523,4.500
447,445,0.782,0.778,4.019,4.000
492,1499,0.547,1.000,2.962,5.000
248,147384,0.586,0.889,3.139,4.500
533,103688,0.867,1.000,4.400,5.000
201,160,0.634,0.778,3.354,4.000
115,1777,0.769,0.556,3.960,3.000
39,1967,0.629,0.778,3.332,4.000
12,1721,0.964,1.000,4.838,5.000
445,111,0.797,0.556,4.088,3.000
252,1293,0.863,0.778,4.384,4.000
409,1213,0.905,1.000,4.572,5.000
239,8529,0.761,0.889,3.922,4.500
559,1566,0.687,0.778,3.591,4.000
81,364,0.594,0.333,3.172,2.000
483,5628,0.723,0.889,3.752,4.500
74,58154,0.818,0.667,4.181,3.500
550,60069,0.836,0.778,4.262,4.000
368,3432,0.533,0.333,2.900,2.000
556,118997,0.716,0.778,3.721,4.000
323,110127,0.539,0.556,2.925,3.000
59,1221,0.977,0.778,4.894,4.000
580,8800,0.706,0.889,3.678,4.500
16,356,0.824,0.667,4.210,3.500
543,101765,0.999,1.000,4.995,5.000
341,47099,0.786,0.778,4.036,4.000
529,761,0.532,0.111,2.896,1.000
336,38798,0.690,0.667,3.606,3.500
274,81834,0.704,0.667,3.669,3.500
443,96430,0.860,1.000,4.369,5.000
30,110,0.987,1.000,4.941,5.000
87,1584,0.665,0.778,3.490,4.000
436,569,0.592,0.556,3.166,3.000
144,1035,0.753,0.889,3.889,4.500
86,4886,0.864,0.778,4.387,4.000
304,944,0.778,0.778,4.000,4.000
345,5900,0.678,0.556,3.552,3.000
121,5,0.519,0.556,2.836,3.000
576,1223,0.844,0.778,4.298,4.000
98,1333,0.741,0.556,3.833,3.000
75,3681,0.852,1.000,4.333,5.000
178,1213,0.916,0.778,4.620,4.000
49,109487,0.871,0.889,4.418,4.500
407,1036,0.810,0.556,4.144,3.000
293,1917,0.446,0.556,2.507,3.000
248,147374,0.658,1.000,3.463,5.000
299,1997,0.771,0.778,3.968,4.000
180,2571,0.652,0.667,3.434,3.500
15,63859,0.633,0.556,3.348,3.000
318,26713,0.661,0.889,3.476,4.500
176,471,0.807,1.000,4.133,5.000
238,4238,0.678,0.778,3.553,4.000
45,53121,0.619,0.778,3.284,4.000
589,231,0.633,0.778,3.346,4.000
570,2841,0.644,0.778,3.396,4.000
281,2329,0.885,0.778,4.481,4.000
42,2987,0.805,0.778,4.122,4.000
524,21,0.653,0.556,3.441,3.000
385,580,0.633,0.556,3.347,3.000
504,6953,0.666,0.778,3.499,4.000
289,7028,0.798,0.778,4.093,4.000
454,7361,0.814,0.667,4.161,3.500
279,175303,0.521,1.000,2.845,5.000
491,27808,0.889,0.778,4.500,4.000
160,3616,0.161,0.778,1.226,4.000
478,1073,0.652,0.778,3.433,4.000
455,272,0.712,0.778,3.704,4.000
439,98809,0.867,0.667,4.403,3.500
190,88125,0.778,1.000,3.999,5.000
444,527,0.919,1.000,4.637,5.000
566,224,0.819,0.778,4.188,4.000
409,2492,0.628,0.778,3.328,4.000
416,1219,0.715,0.778,3.718,4.000
310,6979,0.499,0.556,2.744,3.000
508,1222,0.531,0.889,2.891,4.500
227,62644,0.786,0.778,4.037,4.000
523,527,0.994,0.889,4.971,4.500
554,2995,0.586,0.111,3.135,1.000
401,48982,0.591,0.667,3.160,3.500
356,47518,0.697,0.444,3.639,2.500
575,430,0.475,1.000,2.636,5.000
313,1513,0.521,0.778,2.846,4.000
148,44191,0.744,0.778,3.850,4.000
450,1073,0.830,0.778,4.236,4.000
2,114060,0.658,0.333,3.460,2.000
145,208,0.544,0.556,2.947,3.000
106,97938,0.855,0.889,4.345,4.500
82,6949,0.645,0.667,3.401,3.500
375,32,0.897,1.000,4.537,5.000
436,536,0.546,0.556,2.959,3.000
322,6787,0.665,0.778,3.490,4.000
93,2268,0.941,1.000,4.737,5.000
142,440,0.731,0.778,3.791,4.000
351,4226,0.854,0.778,4.344,4.000
146,410,0.616,0.667,3.273,3.500
515,175569,0.962,0.778,4.830,4.000
344,84152,0.792,1.000,4.066,5.000
481,1711,0.404,0.333,2.319,2.000
103,1945,0.893,0.778,4.517,4.000
186,2617,0.783,1.000,4.025,5.000
188,1086,0.951,0.778,4.781,4.000
287,1208,0.884,0.667,4.477,3.500
14,784,0.416,0.111,2.370,1.000
402,780,0.769,1.000,3.962,5.000
361,49272,0.688,0.778,3.597,4.000
367,3797,0.789,0.778,4.051,4.000
460,7143,0.813,1.000,4.157,5.000
434,589,0.808,0.889,4.135,4.500
297,849,0.086,0.111,0.886,1.000
33,919,0.755,1.000,3.899,5.000
100,4621,0.781,0.778,4.014,4.000
562,2580,0.857,0.889,4.356,4.500
389,65,0.717,0.778,3.726,4.000
273,262,0.851,0.778,4.329,4.000
371,6283,0.940,0.889,4.731,4.500
340,288,0.732,0.778,3.796,4.000
374,1333,0.554,0.778,2.992,4.000
153,184471,0.089,0.000,0.900,0.500
151,92,0.825,0.111,4.212,1.000
414,180985,0.471,0.667,2.618,3.500
496,109374,0.652,0.778,3.434,4.000
224,3496,0.976,1.000,4.892,5.000
499,1220,0.786,1.000,4.036,5.000
232,81156,0.796,0.556,4.082,3.000
501,103,0.536,0.556,2.910,3.000
41,6763,0.509,1.000,2.792,5.000
295,2329,0.909,1.000,4.589,5.000
143,69069,0.700,1.000,3.651,5.000
237,46976,0.713,0.444,3.710,2.500
275,1188,0.836,0.556,4.261,3.000
203,296,0.871,1.000,4.418,5.000
183,1370,0.732,1.000,3.795,5.000
482,8985,0.635,0.889,3.357,4.500
196,51935,0.793,0.889,4.067,4.500
551,5445,0.795,0.778,4.079,4.000
584,338,0.861,0.778,4.375,4.000
555,1772,0.540,0.556,2.931,3.000
50,46862,0.487,0.667,2.690,3.500
158,6502,0.831,0.778,4.241,4.000
567,60069,0.702,0.556,3.660,3.000
206,800,0.851,1.000,4.330,5.000
78,44974,0.702,0.000,3.658,0.500
267,29,0.950,0.778,4.775,4.000
391,4903,0.626,0.333,3.315,2.000
524,737,0.507,0.556,2.782,3.000
212,2048,0.589,0.667,3.150,3.500
366,68157,0.859,0.889,4.366,4.500
573,858,0.975,1.000,4.890,5.000
389,140,0.799,1.000,4.095,5.000
583,133419,0.552,0.778,2.984,4.000
205,1222,0.866,0.667,4.399,3.500
39,1073,0.699,0.556,3.643,3.000
355,901,0.556,1.000,3.001,5.000
358,66203,0.588,0.778,3.144,4.000
535,2445,0.270,0.333,1.713,2.000
490,7361,0.765,0.778,3.944,4.000
263,7090,0.826,0.667,4.219,3.500
500,2078,0.799,0.556,4.093,3.000
142,384,0.815,0.556,4.166,3.000
34,4643,0.564,0.778,3.036,4.000
27,2532,0.508,0.556,2.787,3.000
426,588,0.721,0.889,3.743,4.500
447,382,0.596,0.778,3.183,4.000
165,2353,0.516,0.778,2.820,4.000
165,3256,0.696,0.778,3.634,4.000
359,1172,0.799,0.889,4.095,4.500
365,42011,0.422,0.111,2.401,1.000
549,79132,0.613,1.000,3.259,5.000
98,152077,0.674,0.889,3.535,4.500
116,8360,0.710,0.778,3.694,4.000
385,671,0.575,0.556,3.087,3.000
350,799,0.582,0.556,3.119,3.000
218,8636,0.771,0.778,3.971,4.000
521,43,0.674,0.778,3.534,4.000
458,252,0.860,0.778,4.369,4.000
609,650,0.575,0.556,3.089,3.000
483,109487,0.867,1.000,4.399,5.000
384,1206,0.827,0.556,4.223,3.000
435,7438,0.873,1.000,4.430,5.000
389,9,0.801,0.556,4.103,3.000
346,47,0.722,0.667,3.749,3.500
64,2018,0.709,0.667,3.692,3.500
377,34,0.807,0.778,4.131,4.000
298,4845,0.359,0.000,2.116,0.500
594,6793,0.767,0.778,3.950,4.000
476,13,0.642,0.556,3.388,3.000
561,168174,0.642,0.556,3.390,3.000
151,216,0.711,0.778,3.698,4.000
1,2492,0.783,0.778,4.024,4.000
480,52973,0.567,0.889,3.053,4.500
5,247,0.813,1.000,4.157,5.000
7,48997,0.560,0.444,3.020,2.500
532,3147,0.935,1.000,4.706,5.000
299,2716,0.691,0.778,3.611,4.000
140,1231,0.683,0.778,3.572,4.000
487,86345,0.802,0.000,4.107,0.500
47,4975,0.562,0.556,3.030,3.000
278,527,0.929,1.000,4.680,5.000
410,597,0.747,0.778,3.862,4.000
486,327,0.754,0.333,3.895,2.000
170,207,0.734,0.556,3.802,3.000
223,1265,0.720,0.667,3.740,3.500
262,290,0.606,0.778,3.228,4.000
146,344,0.604,0.333,3.220,2.000
345,2539,0.742,0.778,3.838,4.000
92,35836,0.738,0.889,3.822,4.500
154,157296,0.962,0.444,4.830,2.500
457,2600,0.851,0.556,4.328,3.000
395,181,0.526,0.111,2.867,1.000
540,648,0.845,0.667,4.304,3.500
502,8529,0.824,0.111,4.206,1.000
77,54286,0.953,0.556,4.789,3.000
95,6979,0.696,0.778,3.630,4.000
475,784,0.768,0.778,3.956,4.000
352,4011,0.884,1.000,4.478,5.000
254,2542,0.882,0.889,4.468,4.500
29,104841,0.850,0.778,4.326,4.000
12,63992,0.735,1.000,3.809,5.000
512,442,0.655,0.556,3.447,3.000
357,1996,0.392,0.444,2.265,2.500
82,6752,0.739,0.667,3.825,3.500
328,1035,0.667,1.000,3.500,5.000
433,74458,0.728,0.556,3.774,3.000
245,3252,0.564,0.556,3.037,3.000
436,568,0.549,0.778,2.969,4.000
405,4144,0.809,0.889,4.139,4.500
577,2264,0.550,0.333,2.976,2.000
66,248,0.843,0.556,4.294,3.000
532,1704,0.936,0.556,4.710,3.000
463,2019,0.864,0.778,4.390,4.000
427,110,0.795,0.778,4.077,4.000
478,33669,0.497,0.222,2.737,1.500
18,166015,0.691,0.667,3.608,3.500
115,3752,0.588,0.778,3.144,4.000
569,50,0.924,0.556,4.657,3.000
58,249,0.871,1.000,4.419,5.000
125,175303,0.647,0.556,3.413,3.000
310,2944,0.751,1.000,3.879,5.000
97,2571,0.932,1.000,4.693,5.000
64,2394,0.794,0.667,4.075,3.500
276,364,0.959,1.000,4.815,5.000
388,86298,0.553,0.778,2.986,4.000
352,3471,0.734,1.000,3.802,5.000
429,48,0.704,0.778,3.670,4.000
420,1131,0.757,0.778,3.905,4.000
451,481,0.638,0.556,3.370,3.000
115,1923,0.825,1.000,4.215,5.000
252,500,0.789,0.889,4.048,4.500
534,3633,0.780,0.444,4.008,2.500
479,1302,0.689,0.778,3.601,4.000
249,185029,0.778,0.889,4.000,4.500
568,593,0.870,1.000,4.417,5.000
69,4027,0.915,1.000,4.620,5.000
138,59103,0.622,0.889,3.300,4.500
205,1035,0.789,0.444,4.049,2.500
10,1088,0.685,0.556,3.581,3.000
295,4226,0.916,0.889,4.622,4.500
349,145,0.648,0.778,3.414,4.000
266,3265,0.762,1.000,3.931,5.000
465,356,0.880,1.000,4.458,5.000
604,551,0.819,0.556,4.187,3.000
417,106489,0.929,0.889,4.680,4.500
25,187593,0.940,1.000,4.732,5.000
528,80463,0.726,0.667,3.769,3.500
129,8665,0.716,0.778,3.722,4.000
181,453,0.531,0.556,2.890,3.000
68,18,0.586,0.333,3.137,2.000
